gvt,lp_0,lp_1,lp_2,lp_3,lp_4,lp_5,lp_6,lp_7,lp_8,lp_9,lp_10,lp_11,lp_12,lp_13,lp_14,lp_15,lp_16,lp_17,lp_18,lp_19,lp_20,lp_21,lp_22,lp_23,lp_24,lp_25,lp_26,lp_27,lp_28,lp_29,lp_30,lp_31,lp_32,lp_33,lp_34,lp_35,lp_36,lp_37,lp_38,lp_39,lp_40,lp_41,lp_42,lp_43,lp_44,lp_45,lp_46,lp_47,lp_48,lp_49,lp_50,lp_51,lp_52,lp_53,lp_54,lp_55,lp_56,lp_57,lp_58,lp_59,lp_60,lp_61,lp_62,lp_63,lp_64,lp_65,lp_66,lp_67,lp_68,lp_69,lp_70,lp_71,lp_72,lp_73,lp_74,lp_75,lp_76,lp_77,lp_78,lp_79,lp_80,lp_81,lp_82,lp_83,lp_84,lp_85,lp_86,lp_87,lp_88,lp_89,lp_90,lp_91,lp_92,lp_93,lp_94,lp_95,lp_96,lp_97,lp_98,lp_99,lp_100,lp_101,lp_102,lp_103,lp_104,lp_105,lp_106,lp_107,lp_108,lp_109,lp_110,lp_111,lp_112,lp_113,lp_114,lp_115,lp_116,lp_117,lp_118,lp_119,lp_120,lp_121,lp_122,lp_123,lp_124,lp_125,lp_126,lp_127,lp_128,lp_129,lp_130,lp_131,lp_132,lp_133,lp_134,lp_135,lp_136,lp_137,lp_138,lp_139,lp_140,lp_141,lp_142,lp_143,lp_144,lp_145,lp_146,lp_147,lp_148,lp_149,lp_150,lp_151,lp_152,lp_153,lp_154,lp_155,lp_156,lp_157,lp_158,lp_159,lp_160,lp_161,lp_162,lp_163,lp_164,lp_165,lp_166,lp_167,lp_168,lp_169,lp_170,lp_171,lp_172,lp_173,lp_174,lp_175,lp_176,lp_177,lp_178,lp_179,lp_180,lp_181,lp_182,lp_183,lp_184,lp_185,lp_186,lp_187,lp_188,lp_189,lp_190,lp_191
0,66,152,61,182,67,177,113,195,101,76,137,154,72,141,117,99,92,61,68,141,90,64,66,161,152,147,111,126,168,191,149,180,122,50,144,178,92,60,196,180,196,79,147,81,180,169,125,126,127,195,94,134,192,196,151,51,52,101,160,57,69,145,103,191,62,65,75,122,118,63,92,120,166,192,189,98,57,175,199,196,57,104,183,74,148,83,62,121,190,79,134,181,158,117,82,93,96,118,156,128,125,86,118,57,105,110,159,194,51,172,61,57,129,183,128,143,115,138,83,170,184,61,97,167,73,110,162,61,144,126,135,91,133,137,180,130,55,72,162,170,188,55,94,114,154,148,154,158,95,168,68,192,52,85,181,77,184,172,190,109,54,98,115,151,175,102,161,178,116,185,132,99,61,99,127,62,132,160,186,138,76,164,119,193,85,121,136,69,76,105,131,92
100,138,96,194,122,66,120,189,145,67,161,122,100,170,107,131,194,134,120,166,74,167,63,102,113,99,74,82,196,114,149,159,165,136,183,117,110,187,156,163,87,186,180,70,175,128,53,191,103,104,196,178,184,76,189,166,159,66,53,63,115,131,135,99,63,161,66,188,176,177,151,63,72,101,147,136,135,62,164,95,77,91,54,50,153,141,177,183,135,116,144,169,110,126,198,103,63,123,180,137,79,165,100,54,155,90,102,111,92,112,74,115,139,72,145,174,122,67,171,157,94,196,115,79,133,192,180,58,118,84,119,122,148,144,186,111,169,88,155,138,90,64,163,127,196,148,54,68,70,130,139,125,156,199,87,189,165,120,142,56,134,144,64,198,162,112,149,153,76,90,152,160,121,72,133,95,99,148,106,65,116,152,178,77,148,62,59,124,87,88,140,81,193
200,81,117,62,103,86,119,99,177,191,90,104,166,79,126,104,75,129,111,79,177,183,93,156,66,149,102,171,118,172,143,52,99,99,154,53,182,101,55,53,162,104,110,120,64,90,78,106,83,167,106,193,198,92,80,141,174,158,189,182,107,154,196,153,168,147,177,182,108,73,132,168,157,161,138,131,168,193,95,89,85,186,81,132,118,182,166,184,138,58,142,54,83,197,142,70,143,172,68,114,102,194,142,143,75,200,195,185,117,74,137,121,99,112,137,176,162,88,135,78,106,87,128,105,58,101,198,155,161,142,78,121,160,91,190,102,145,53,195,126,131,147,156,101,131,191,175,98,165,60,146,153,114,84,118,174,143,134,68,157,84,165,69,113,166,137,141,91,85,158,58,125,196,188,56,135,76,185,109,184,54,115,170,171,145,198,185,125,197,153,189,93,158
300,81,171,113,123,179,174,70,77,75,169,162,122,166,156,97,180,169,171,178,83,157,85,111,103,91,152,131,149,188,67,162,160,76,137,145,127,108,86,161,142,80,153,102,181,151,148,159,139,122,172,175,142,137,70,58,55,197,145,192,107,145,172,62,129,189,128,181,134,111,191,88,160,78,121,87,189,148,84,83,87,70,171,150,148,85,53,72,67,145,86,116,58,89,85,102,153,129,58,198,155,186,82,88,193,162,179,127,81,158,167,112,117,91,185,64,80,168,60,181,195,77,178,197,148,136,109,115,150,75,148,72,120,106,66,111,63,58,158,93,139,58,161,193,117,85,56,54,85,180,176,180,101,101,120,117,193,112,95,72,162,50,164,61,111,116,126,76,68,65,180,107,168,131,147,138,124,106,99,132,187,118,193,95,68,163,107,85,186,123,174,185,133
400,102,182,78,146,162,135,92,113,114,159,133,95,106,106,181,92,150,80,155,96,60,94,124,99,85,84,95,72,50,185,183,105,62,146,117,149,116,141,147,65,193,57,68,183,131,71,59,165,128,65,112,153,146,175,130,117,114,52,53,148,57,63,116,95,181,110,164,110,79,92,189,90,138,94,89,103,76,109,196,196,123,192,88,123,78,109,56,119,186,100,127,93,133,68,146,127,143,130,152,143,88,169,153,66,155,53,160,128,161,130,199,69,107,122,123,84,52,111,167,167,162,163,122,55,75,154,137,163,156,133,168,89,175,150,119,58,61,99,174,195,88,179,191,52,68,142,141,146,177,181,91,160,156,92,69,149,154,138,108,164,95,153,172,84,184,173,62,68,92,58,169,70,51,195,146,96,195,53,193,50,114,171,92,91,150,140,157,151,79,183,137,106
500,124,154,91,119,66,53,96,58,164,58,52,90,74,112,154,68,152,79,118,73,66,150,83,153,80,135,61,190,105,87,86,69,108,51,99,118,118,63,140,195,135,73,175,198,82,121,187,174,122,191,55,56,59,129,83,79,166,153,118,121,195,103,200,114,96,69,66,83,135,81,106,57,113,198,192,137,95,168,81,73,132,127,52,62,78,87,200,184,122,171,162,107,175,71,119,140,55,185,65,102,120,198,138,194,199,60,183,121,200,66,116,117,57,94,89,91,157,129,144,143,138,191,198,129,153,199,167,74,95,103,64,170,87,162,92,91,186,70,84,168,188,76,64,68,66,165,176,97,165,70,173,186,149,155,155,72,91,78,115,133,123,99,149,182,59,148,116,104,93,200,107,133,124,86,71,163,101,186,58,98,74,98,186,76,132,173,70,96,51,63,169,198
600,124,67,183,113,106,164,128,172,184,81,76,145,69,197,186,112,112,127,95,146,190,87,55,187,178,53,132,170,181,149,102,145,126,165,95,82,171,94,118,137,135,99,185,174,167,121,145,152,64,190,77,76,69,89,172,175,197,175,52,179,127,176,97,194,133,100,66,163,53,104,180,185,180,52,149,132,185,155,180,124,90,198,158,177,174,109,129,109,123,97,105,196,53,53,101,110,151,92,177,135,179,173,153,184,160,122,193,144,141,139,160,66,100,102,105,187,121,108,132,119,89,124,98,147,187,59,105,72,185,189,189,64,162,112,120,77,147,73,133,144,139,190,172,135,52,77,121,141,125,105,113,56,92,172,131,199,100,110,66,105,188,124,180,142,197,83,194,145,166,137,148,199,138,183,81,191,66,93,149,74,192,161,102,132,170,171,178,97,195,186,111,125
700,112,129,174,101,167,155,133,127,78,88,176,198,126,63,141,110,73,72,98,93,114,87,168,57,61,73,171,114,145,168,131,141,112,152,194,64,109,146,175,53,109,173,99,164,69,116,88,148,123,119,159,105,116,54,160,91,54,63,64,145,114,120,62,78,134,156,75,141,138,55,166,130,200,131,58,62,123,185,117,194,172,123,161,56,69,110,95,123,129,145,119,144,143,108,112,77,54,175,104,96,59,65,172,182,86,188,134,124,152,164,198,136,185,67,164,99,91,128,126,73,106,146,177,66,80,150,101,77,81,56,129,64,77,170,160,175,173,142,178,81,144,118,90,83,117,183,167,181,118,123,51,60,86,96,78,199,75,169,199,154,105,109,153,53,85,96,108,162,144,161,136,92,60,193,115,147,149,131,176,57,80,167,136,112,66,133,60,181,165,162,128,171
800,75,97,154,98,194,140,51,166,120,146,61,162,187,97,178,78,73,115,104,154,64,141,104,126,144,170,82,152,175,58,179,178,92,110,93,50,199,73,102,114,168,141,78,75,108,174,136,68,174,99,119,149,107,137,65,70,163,72,65,177,140,85,170,165,181,144,78,174,169,66,179,91,97,182,105,181,197,199,92,77,187,130,55,174,81,150,200,168,188,77,57,127,69,158,111,66,125,161,51,135,88,85,178,63,80,104,106,78,81,77,165,105,100,173,58,61,96,82,181,62,126,164,159,134,66,65,111,112,104,52,83,52,83,151,120,112,88,185,144,93,199,128,83,124,154,63,136,99,197,114,63,159,55,188,130,78,127,70,114,190,170,80,118,185,102,77,152,106,67,195,198,89,162,161,50,163,181,123,66,176,85,136,191,85,87,122,93,171,98,122,169,62
900,91,183,88,183,64,169,73,108,57,107,94,169,82,121,125,143,151,97,55,182,153,109,94,77,79,65,82,173,104,127,123,105,119,182,127,62,78,119,196,154,60,127,150,66,109,161,191,59,162,128,78,164,132,167,50,180,173,117,190,119,105,104,199,193,179,79,113,133,185,195,72,128,187,199,180,174,127,129,199,190,178,125,51,190,145,153,168,103,67,96,87,162,88,143,150,109,187,100,101,102,89,139,115,183,168,141,101,86,194,94,146,171,80,92,86,81,173,178,70,144,79,190,82,154,139,80,130,69,55,157,74,52,130,182,147,134,145,181,131,188,171,107,116,58,162,146,124,121,123,64,122,133,156,191,164,122,58,120,184,176,155,180,184,99,135,99,149,73,88,143,168,118,119,69,55,183,193,105,146,85,118,146,135,52,200,122,142,85,73,177,51,104
1000,51,65,153,124,87,189,129,69,163,155,149,159,95,164,167,190,82,162,196,194,168,151,152,153,60,103,174,113,50,93,162,118,100,133,60,176,176,126,88,56,119,144,170,191,135,130,125,191,51,169,159,74,79,151,149,155,108,64,97,150,84,68,172,125,66,103,84,136,146,194,158,178,71,69,73,155,102,85,116,74,179,114,59,76,161,137,96,63,187,142,71,187,129,194,89,89,67,139,168,197,95,109,98,139,85,120,76,89,116,81,178,60,85,180,97,124,112,146,57,169,141,138,138,189,110,55,132,124,119,170,163,171,178,152,184,103,150,142,89,126,95,120,178,67,51,124,175,106,149,196,68,180,124,85,152,137,104,106,55,76,129,171,130,82,65,122,149,139,193,183,78,172,133,62,143,154,178,189,141,83,169,125,142,150,200,181,131,153,82,163,79,136
1100,171,94,161,196,90,81,142,171,61,172,137,177,127,160,114,85,166,59,196,114,162,113,130,97,91,77,80,188,53,81,192,101,77,63,131,99,194,181,83,72,87,87,133,90,90,197,135,67,130,157,52,144,71,52,164,122,132,170,114,147,107,174,158,67,70,61,168,99,160,83,102,122,61,126,110,181,193,189,172,174,105,182,172,75,75,110,119,88,199,70,190,103,130,128,67,54,169,150,111,179,152,77,117,131,103,79,62,169,66,120,167,170,200,168,58,185,115,102,92,166,71,78,189,60,174,176,95,186,97,141,76,162,96,85,104,176,147,52,140,61,180,192,105,66,74,53,178,64,95,155,140,160,151,142,177,190,120,102,97,120,63,195,169,130,171,179,105,52,50,158,120,66,193,199,67,132,193,86,113,104,126,76,74,173,124,79,125,61,86,166,123,133
1200,59,144,176,60,140,105,60,121,192,173,59,99,155,157,108,182,164,135,170,156,179,199,124,140,178,154,165,146,191,126,151,162,169,88,172,59,158,57,181,92,138,178,200,176,188,123,150,80,155,173,165,138,193,112,159,117,138,152,145,157,60,166,56,190,52,89,128,148,51,127,113,165,60,124,155,131,96,144,133,154,167,58,184,67,134,125,169,129,167,187,54,56,184,175,71,56,159,145,138,58,162,118,172,117,100,173,106,126,72,64,84,182,72,127,50,50,50,80,120,110,167,58,156,99,199,168,60,116,76,121,65,110,84,126,136,119,91,126,134,189,131,110,183,55,153,173,119,94,120,180,79,144,74,102,186,90,116,187,162,128,80,66,105,73,142,77,67,82,86,173,127,115,113,86,146,124,121,92,107,179,141,157,182,130,108,53,120,98,167,89,191,150
1300,90,159,85,74,82,81,72,149,141,115,130,198,85,199,69,62,124,90,134,91,105,89,156,126,189,115,174,161,74,52,128,92,160,178,144,174,182,103,153,151,178,149,59,167,101,159,139,195,62,55,63,139,83,97,64,51,122,104,133,153,55,51,82,78,152,63,185,157,165,127,145,92,133,148,79,122,107,193,117,75,113,68,190,77,81,184,198,185,197,115,59,126,174,50,130,64,117,110,90,119,79,112,177,75,116,197,110,56,159,81,134,109,116,189,85,198,65,137,112,142,94,194,200,198,184,198,57,66,178,78,192,175,161,56,124,59,113,161,156,184,90,59,162,103,161,75,174,51,91,162,148,147,69,125,160,75,64,191,192,79,93,62,173,148,109,53,152,85,197,168,109,51,182,192,79,51,134,68,138,105,155,110,159,126,103,97,107,143,116,69,117,159
1400,108,93,175,158,93,164,87,183,169,104,58,171,124,94,93,77,78,140,84,176,86,51,191,135,58,113,104,97,59,127,195,178,169,69,175,125,99,95,87,128,53,138,96,69,129,144,119,175,81,93,71,125,121,136,155,139,156,175,60,188,193,175,130,104,61,57,83,109,55,92,87,128,100,113,178,78,103,131,133,91,52,157,169,100,175,105,71,130,150,189,178,106,54,150,148,64,73,122,132,174,187,152,151,181,130,142,158,139,108,149,147,189,180,117,77,167,141,103,92,118,60,61,51,145,80,78,137,136,101,92,196,63,52,118,116,123,122,183,154,108,198,114,84,168,75,186,61,166,125,88,180,163,173,103,194,87,196,112,175,118,107,140,189,110,125,176,177,198,122,144,166,180,173,77,199,81,174,127,191,150,142,148,181,86,61,95,164,194,90,112,134,195
1500,197,188,110,193,140,50,63,102,89,150,175,128,153,121,95,166,57,183,60,149,198,175,159,130,52,169,200,103,122,140,64,159,182,106,178,133,141,59,55,155,161,187,65,176,177,146,123,195,158,115,152,159,88,100,119,84,55,124,79,147,132,110,74,51,177,157,133,64,125,103,141,55,154,68,180,190,174,86,134,64,155,74,114,88,137,59,188,162,63,144,179,177,130,64,169,130,185,105,96,148,183,106,172,137,64,197,131,82,76,189,185,58,182,65,92,181,169,107,139,156,123,139,67,73,55,130,53,145,194,200,94,172,165,90,197,186,160,58,169,108,113,101,105,161,59,187,71,52,101,68,88,140,90,133,98,87,113,77,177,148,62,151,64,89,92,168,87,174,65,126,130,121,159,114,194,52,147,131,193,117,117,88,136,88,61,156,86,172,66,72,70,83
1600,114,66,200,147,145,166,63,90,140,89,94,146,157,188,93,70,148,104,159,200,105,191,66,71,139,58,83,119,186,86,190,164,70,96,66,120,73,138,129,103,177,195,189,154,77,91,177,152,159,79,129,50,100,181,122,158,97,147,74,197,109,136,193,169,120,172,189,140,108,154,94,125,147,121,87,181,90,102,62,74,166,189,52,119,134,126,131,156,160,50,92,123,85,94,90,134,107,102,105,99,95,138,182,178,55,98,119,199,184,104,93,91,133,103,191,140,76,142,99,130,164,171,181,143,141,147,116,71,108,141,92,61,143,160,194,67,81,57,103,195,156,135,69,104,181,126,115,105,58,194,64,80,62,142,174,144,167,75,128,71,145,60,169,57,153,63,180,102,104,109,189,85,63,175,193,87,98,64,136,163,77,172,144,180,168,137,162,81,181,143,190,193
1700,116,76,104,167,193,166,63,160,82,143,126,167,62,114,114,84,106,110,108,66,73,65,60,109,93,100,161,127,137,181,159,196,133,108,75,141,197,105,62,168,199,190,59,186,144,122,199,122,160,148,93,161,123,99,96,131,90,74,95,78,109,147,136,102,80,180,69,57,188,159,158,165,140,127,106,61,160,89,126,127,125,74,180,101,188,63,183,86,190,147,108,149,149,148,95,71,99,162,51,132,110,56,186,124,162,128,151,126,125,124,157,189,166,180,64,53,169,99,54,194,151,135,150,53,156,139,176,187,194,184,90,51,189,140,64,164,118,67,188,175,180,57,186,176,103,55,162,147,59,164,130,171,91,193,116,131,177,135,134,189,174,73,58,200,134,142,180,60,112,144,120,79,185,86,150,173,114,59,76,89,70,64,143,152,86,58,186,188,189,154,112,161
1800,91,126,191,85,165,176,113,76,197,163,166,195,108,185,156,158,70,136,187,161,130,134,70,175,140,58,86,182,129,155,115,64,52,118,139,124,151,172,117,51,179,185,105,107,194,170,146,161,53,114,51,50,107,58,149,169,176,71,113,122,103,94,155,121,126,120,150,64,78,171,142,121,154,133,168,200,165,175,72,88,64,72,151,102,177,110,102,92,147,108,125,146,187,87,157,123,122,129,183,62,65,144,179,89,144,84,126,68,198,175,52,89,168,86,144,158,183,146,150,184,107,118,50,65,174,76,51,165,106,129,178,75,67,152,200,124,129,119,189,128,89,75,89,172,180,156,162,67,147,137,121,105,101,77,148,86,152,76,61,170,134,100,170,170,71,147,178,167,120,53,177,59,138,65,76,185,192,145,120,178,192,156,120,114,112,142,66,174,79,92,107,195
1900,76,50,146,137,64,99,102,50,111,110,82,195,114,108,107,91,140,150,134,68,164,114,162,58,162,196,137,157,65,55,153,124,64,176,183,122,124,81,181,124,122,162,103,65,187,92,58,107,167,84,76,174,75,155,65,139,143,99,94,96,172,120,135,107,82,97,139,154,193,151,99,159,75,150,110,163,87,115,71,52,118,155,147,193,65,175,184,172,73,179,98,184,92,171,156,55,197,146,85,200,147,177,105,138,116,97,183,151,101,55,136,63,50,166,149,60,192,61,132,89,151,65,86,188,196,125,69,122,66,86,56,146,76,175,131,140,169,66,172,88,148,148,99,110,177,148,70,183,70,50,185,139,105,58,73,136,180,93,147,58,151,108,103,166,164,94,52,108,77,137,142,158,196,143,183,53,76,191,102,167,187,52,133,165,148,178,191,78,54,93,98,162
2000,128,143,65,186,112,184,50,197,109,96,123,104,125,103,107,127,148,114,67,56,115,51,160,111,139,83,169,131,144,67,122,117,165,134,114,96,51,182,165,62,200,117,112,142,82,101,142,69,192,148,84,179,57,178,182,86,53,94,115,148,165,101,183,173,187,90,167,176,197,165,138,55,161,50,108,90,152,134,146,132,176,180,58,148,68,84,171,137,129,86,97,77,53,147,56,101,68,153,130,200,188,95,52,101,194,74,66,140,75,125,134,118,165,160,119,73,99,50,82,186,72,180,174,135,117,109,161,86,116,117,175,146,84,138,180,119,50,152,153,60,134,183,99,153,191,88,193,78,103,176,64,186,56,103,152,62,163,119,182,152,153,179,141,56,170,97,56,57,176,161,196,78,77,89,83,195,152,124,84,126,102,50,182,146,175,68,161,174,125,110,136,127
2100,58,192,186,179,161,93,78,164,75,181,147,106,142,150,166,65,89,106,131,52,76,58,50,200,187,180,88,135,94,101,167,144,77,92,101,55,60,170,146,102,64,184,63,176,176,194,55,76,70,138,138,81,169,112,92,182,158,164,50,97,91,87,184,118,163,140,173,195,199,185,103,56,73,138,78,158,194,75,150,122,50,104,169,72,170,111,182,191,184,60,94,149,128,103,73,157,194,97,169,116,105,166,83,128,57,176,130,80,82,188,148,116,120,124,98,83,86,116,72,196,102,132,181,100,51,136,61,149,69,67,53,82,174,110,122,109,61,127,183,135,169,126,175,152,111,192,82,62,184,67,55,50,67,160,120,179,111,53,134,102,119,145,185,165,103,83,190,51,193,180,51,70,91,155,175,170,157,151,53,52,57,130,132,83,148,56,161,110,140,77,120,194
2200,112,117,93,161,184,63,79,104,59,114,78,58,85,157,186,141,100,129,96,63,154,174,166,163,200,104,122,63,174,52,185,108,154,86,152,64,132,146,63,67,145,75,149,131,166,94,80,50,91,123,162,175,186,84,164,132,183,144,170,90,136,65,157,147,145,109,182,194,168,77,193,132,136,170,57,126,153,99,162,60,136,166,71,54,155,172,53,105,128,185,89,174,199,95,66,112,79,66,73,155,77,55,116,196,93,98,175,135,85,76,138,148,135,173,122,101,63,147,98,94,147,82,177,103,129,113,101,113,120,54,58,126,198,158,81,183,158,95,77,193,199,118,121,55,84,86,142,192,59,74,78,56,186,149,62,85,74,166,94,90,110,105,112,55,151,66,190,100,70,178,196,80,65,168,113,119,52,193,179,146,97,73,166,198,56,91,172,133,120,178,156,84
2300,170,118,118,97,101,85,151,112,60,104,96,154,108,183,58,83,140,147,80,116,150,118,188,156,147,108,77,83,95,174,163,144,113,185,128,85,94,122,87,102,106,167,172,175,116,173,189,185,145,105,185,90,170,197,52,72,142,102,80,122,185,92,117,191,78,58,57,188,99,97,58,105,120,192,61,161,128,68,94,108,132,137,104,65,56,150,137,105,186,135,148,162,180,77,121,162,55,51,67,123,170,195,183,179,97,149,183,104,78,127,114,103,196,113,140,51,159,110,109,189,192,141,74,102,104,115,52,158,114,64,62,132,140,179,81,181,71,143,87,144,165,147,81,187,61,137,148,184,53,198,71,161,187,187,143,170,149,55,141,127,135,100,161,102,90,167,97,53,66,134,80,162,116,74,163,64,69,187,94,135,137,191,105,171,105,100,197,83,117,150,125,158
2400,138,168,177,82,88,64,179,82,166,52,168,158,81,188,199,124,133,130,199,77,145,119,63,165,199,71,135,85,61,84,199,166,181,58,78,184,195,78,153,107,120,50,187,93,100,177,140,167,151,120,185,96,62,155,120,168,113,93,144,148,152,99,188,128,110,70,71,181,87,149,184,185,61,143,78,180,168,108,122,107,193,189,121,175,155,141,78,160,154,146,188,86,68,84,176,103,53,158,73,123,71,138,57,125,121,78,200,151,199,170,164,82,136,151,51,65,163,117,137,148,53,193,161,109,148,181,111,93,162,81,81,56,74,52,179,140,88,83,142,85,127,120,55,158,63,55,189,176,66,166,117,181,198,152,177,125,146,64,57,146,190,148,86,166,150,173,103,94,63,160,55,94,128,84,107,98,76,196,85,148,172,72,70,115,192,178,148,185,174,142,157,70
2500,141,167,196,130,191,80,71,132,184,179,106,148,58,113,153,63,150,134,88,162,130,89,87,55,159,129,93,190,160,102,175,86,157,76,195,93,152,94,129,177,166,162,151,164,90,55,95,144,142,155,177,76,108,169,124,85,84,189,89,77,160,61,119,84,136,54,181,178,56,196,132,177,71,150,151,178,120,163,132,146,177,168,169,69,142,155,163,89,57,97,174,184,197,160,55,88,113,125,143,69,57,167,92,98,168,131,101,113,109,173,105,163,180,159,162,64,150,57,71,91,172,165,194,164,53,101,133,186,189,192,77,183,70,50,145,54,179,51,164,162,137,192,142,61,124,166,143,163,144,154,84,113,188,55,169,77,141,56,192,116,161,105,199,118,152,96,119,67,156,127,74,71,192,66,117,132,65,113,195,53,78,167,101,116,159,165,107,194,79,100,127,168
2600,92,72,77,198,95,98,131,57,142,139,111,80,140,92,149,87,151,148,74,87,170,124,154,181,165,170,174,67,186,185,73,130,64,97,179,101,95,112,182,89,196,110,123,155,121,175,84,134,125,69,140,65,110,95,111,186,76,137,98,80,198,117,177,184,183,142,196,164,189,107,157,149,141,199,113,86,129,197,66,194,133,177,161,122,155,60,100,173,81,110,146,92,147,84,191,177,69,125,117,97,88,116,152,158,83,66,123,199,128,150,196,62,192,59,93,156,137,164,74,182,180,175,175,193,66,81,62,144,186,131,101,78,57,86,63,183,181,96,69,133,135,82,149,186,124,160,166,76,191,191,163,53,62,184,191,160,111,185,178,137,180,84,53,53,130,155,55,193,162,189,142,123,136,66,73,67,122,89,137,164,157,99,79,145,148,80,58,85,172,144,59,139
2700,174,165,193,196,91,123,79,184,180,149,168,64,116,60,157,167,52,145,103,189,92,136,91,75,170,94,148,172,150,171,150,160,76,82,50,124,61,66,134,119,171,142,54,84,127,114,190,86,193,96,125,89,139,120,136,83,78,79,65,66,184,84,90,72,132,143,119,56,102,126,117,104,144,50,126,101,199,104,170,165,123,139,76,127,84,184,67,165,191,111,64,185,81,83,94,116,173,130,56,185,110,88,92,72,174,160,105,186,119,132,162,136,81,131,90,175,137,78,87,110,89,193,166,138,156,146,143,88,90,180,65,176,124,182,115,141,85,89,68,177,190,56,191,125,118,179,170,153,51,91,65,170,177,167,175,156,112,121,110,189,162,200,54,94,185,177,100,164,97,83,105,118,123,178,123,147,179,190,144,90,100,154,170,157,134,191,100,127,107,110,119,74
2800,155,196,153,173,128,128,176,74,68,63,179,151,125,138,136,176,148,69,160,198,150,177,63,69,188,170,145,114,119,63,186,92,129,51,179,173,50,192,149,135,102,61,80,108,78,76,181,116,70,116,141,137,129,51,124,147,84,170,135,176,101,59,115,133,153,55,53,88,111,72,103,158,153,163,92,173,75,198,69,183,103,135,61,51,101,179,169,122,123,144,121,185,128,192,175,119,172,56,112,146,128,177,52,134,97,111,76,134,81,55,59,53,90,176,162,156,147,88,115,69,95,65,127,61,135,170,133,183,159,70,78,126,52,149,122,68,193,188,185,119,93,82,161,189,69,96,125,99,96,95,62,123,114,153,88,51,57,119,150,151,168,89,51,92,184,142,122,174,152,132,111,147,100,174,121,63,79,108,75,133,142,121,152,172,181,160,161,55,128,114,62,121
2900,159,77,124,116,118,128,98,56,97,160,79,160,161,200,96,89,165,115,137,51,194,50,57,71,99,113,60,142,85,71,169,87,115,198,190,118,153,127,99,155,66,119,141,97,66,120,147,114,60,167,197,149,54,171,177,148,170,54,140,69,186,74,83,138,80,114,102,72,109,177,119,151,57,74,100,155,156,191,51,65,157,134,75,157,122,167,124,95,116,62,56,88,199,153,74,57,117,193,176,119,128,98,131,111,95,117,174,81,180,82,114,61,81,143,76,155,193,136,162,62,196,157,60,53,103,94,65,194,64,150,178,121,127,97,64,190,108,168,199,184,198,160,180,144,62,170,131,71,60,195,174,196,145,126,145,65,168,99,80,200,99,142,182,98,140,181,111,124,153,87,72,131,195,99,144,83,55,68,179,129,73,177,161,197,132,94,118,95,63,104,62,188
3000,166,93,105,55,80,84,131,54,132,167,62,122,77,178,162,52,67,189,110,81,137,96,113,181,200,146,52,190,60,67,151,76,109,170,63,109,67,98,104,82,84,163,81,186,112,54,71,53,134,100,184,68,154,144,88,71,61,62,133,136,151,140,182,151,195,51,126,192,149,110,103,68,83,126,144,178,146,153,80,185,152,134,183,133,160,193,119,71,164,142,73,92,93,78,101,181,52,105,142,64,199,62,86,190,184,97,80,160,96,133,120,122,85,177,89,163,182,184,51,177,122,198,191,88,99,132,139,74,126,125,159,86,64,125,74,85,85,126,195,53,93,174,189,182,54,131,175,85,179,150,93,189,167,144,119,130,85,164,70,87,50,178,154,89,199,66,108,98,182,145,84,77,145,123,69,81,147,110,100,153,190,150,80,196,160,114,152,162,170,141,68,90
3100,143,142,108,194,55,124,75,178,146,105,172,128,93,82,52,192,151,154,115,63,134,151,124,118,94,199,129,194,194,56,56,94,109,86,125,116,76,166,160,113,194,84,60,89,124,191,152,168,55,59,109,51,101,150,115,65,167,161,58,51,67,84,118,163,200,53,61,85,68,70,181,53,142,115,64,148,199,124,89,168,103,52,124,185,186,141,84,71,71,94,114,89,155,85,175,159,98,111,170,172,136,87,150,103,186,178,148,66,156,100,93,163,91,104,54,88,107,93,183,122,131,101,154,165,90,145,155,70,123,165,83,156,82,116,126,51,156,75,67,191,68,198,140,108,52,170,142,157,141,107,196,117,62,177,110,136,196,172,123,149,168,156,154,117,63,75,156,78,87,109,200,196,74,156,73,191,145,106,56,184,121,113,189,83,130,69,143,51,171,159,142,81
3200,83,111,169,156,60,70,83,66,125,137,122,113,127,105,112,127,77,101,68,132,85,105,98,179,151,167,59,182,133,114,166,57,85,142,115,168,58,188,112,106,189,176,95,129,185,148,133,55,94,191,95,93,183,129,109,137,155,96,56,76,165,168,184,144,85,75,144,107,181,62,151,196,117,84,171,137,86,98,60,123,93,170,82,98,132,94,181,170,151,52,180,73,82,70,155,141,141,155,65,115,180,72,103,198,76,148,88,179,182,169,127,177,124,177,85,148,118,62,67,96,166,59,107,91,194,106,71,156,87,71,196,136,124,51,108,161,161,181,69,181,153,171,121,113,87,123,164,183,88,134,87,142,192,155,121,125,194,58,113,155,87,103,143,107,103,60,131,79,157,140,121,113,85,66,199,69,120,110,116,85,161,127,101,95,97,138,130,196,78,62,157,172
3300,125,54,159,147,90,56,101,168,91,53,152,142,85,130,87,184,135,95,169,180,77,111,132,184,117,156,76,148,134,50,69,142,134,189,149,79,69,68,199,71,111,172,57,73,140,93,117,110,88,129,83,68,165,90,116,188,101,137,191,118,173,120,72,70,193,161,77,149,200,182,79,127,63,77,178,94,194,91,177,127,97,153,96,54,200,84,90,119,144,71,87,73,61,198,195,172,127,174,149,167,191,96,186,109,90,115,89,117,88,75,100,150,124,51,100,53,64,182,109,199,97,52,90,83,176,86,166,148,170,115,95,164,114,120,89,190,130,93,104,197,180,57,132,156,77,125,134,136,195,89,58,169,187,52,182,90,138,191,177,73,62,184,79,99,108,170,56,170,111,58,138,66,200,178,53,59,52,133,114,128,52,125,195,134,191,113,197,61,141,180,68,159
3400,176,119,70,128,142,59,177,70,165,120,90,81,86,82,152,162,195,187,141,95,125,177,176,130,77,65,69,122,61,163,162,59,66,92,65,158,199,140,63,122,180,73,67,115,153,120,89,132,154,142,160,92,93,109,75,56,136,160,138,125,175,156,155,104,165,102,135,136,129,190,195,164,132,191,101,199,159,148,72,79,94,198,151,106,126,118,104,75,102,66,155,50,106,53,56,162,115,88,185,152,75,117,81,97,152,58,134,183,56,101,155,132,135,153,97,54,82,200,70,87,74,82,184,53,91,69,140,145,160,164,156,106,156,159,189,85,185,155,112,104,113,164,100,172,78,90,54,176,85,175,107,99,144,149,193,70,154,102,128,117,57,96,170,54,60,56,57,176,200,92,182,100,118,67,108,151,51,158,89,131,104,130,176,164,143,170,149,57,97,128,147,151
3500,133,148,144,131,135,79,66,154,60,141,88,194,79,62,82,114,170,72,129,60,155,66,167,124,194,185,156,112,77,83,130,64,151,163,167,180,90,133,65,147,63,98,79,200,81,122,177,79,105,114,108,148,125,109,184,121,193,122,103,104,120,184,59,52,96,106,63,173,140,73,180,165,173,91,156,110,173,53,104,65,186,52,87,194,157,111,118,139,56,55,60,148,120,54,64,67,163,174,51,57,170,184,184,179,196,94,174,168,123,74,151,84,66,62,128,188,138,146,126,121,74,126,60,109,119,99,175,121,150,78,74,139,57,185,73,140,118,177,152,60,196,81,123,155,182,123,193,151,79,83,153,133,113,190,197,100,185,195,130,71,136,163,62,73,164,126,104,200,87,184,187,54,57,93,132,200,198,156,113,89,150,145,88,143,189,91,168,150,64,181,71,198
3600,140,172,159,70,194,196,160,143,164,186,170,122,154,115,120,88,119,168,110,139,131,127,107,72,71,110,142,83,178,110,196,62,133,165,179,191,145,94,177,109,198,145,76,82,159,160,111,69,193,85,181,190,196,57,85,143,165,165,124,115,120,74,143,136,74,135,79,57,77,177,77,113,138,57,179,61,103,172,179,55,53,93,62,130,132,187,116,93,54,165,78,178,90,90,166,169,76,170,78,158,155,92,130,181,165,87,170,60,168,91,197,161,87,163,147,61,197,155,106,125,166,64,145,156,57,188,71,53,121,104,193,184,178,112,100,189,105,84,136,168,124,123,101,164,177,174,184,111,87,92,105,166,126,120,73,169,155,149,157,62,64,172,122,130,140,158,127,99,52,165,81,54,170,168,174,176,188,130,69,181,196,128,108,81,77,116,62,144,112,102,144,176
3700,135,114,171,140,170,78,68,165,73,113,107,162,110,173,167,148,91,127,141,145,92,100,79,148,167,107,180,97,108,151,103,109,176,130,126,192,135,124,70,169,194,179,186,126,93,140,127,141,128,145,99,126,179,79,168,131,101,63,192,174,76,72,173,75,87,92,168,151,129,51,165,91,159,105,119,158,56,69,57,161,162,182,181,93,147,169,150,116,57,155,166,175,72,107,177,135,156,154,134,123,79,133,133,56,113,116,175,149,97,112,169,83,172,87,50,169,78,151,176,136,103,120,190,197,75,160,84,160,155,174,177,166,67,88,67,68,100,50,85,180,122,134,107,111,193,60,181,131,54,68,187,92,135,142,95,85,126,100,73,68,66,57,121,161,168,181,78,173,141,153,119,73,148,145,165,174,97,142,90,143,188,185,193,99,128,200,96,91,64,182,64,71
3800,112,172,124,78,151,74,162,128,178,151,70,74,186,103,134,94,114,194,73,138,56,185,146,153,147,127,148,163,90,168,118,157,175,175,124,97,191,185,81,63,109,128,74,182,184,126,78,77,80,187,59,166,117,168,63,176,151,109,125,72,196,94,79,125,158,187,198,129,182,183,171,73,140,189,112,145,142,80,56,181,73,164,89,156,130,106,130,128,140,58,179,153,98,75,183,108,117,71,67,82,115,187,158,90,54,137,86,82,193,118,195,117,102,192,86,165,59,150,139,196,83,100,165,128,152,69,136,152,90,76,197,56,182,90,61,136,175,176,195,70,163,58,59,137,130,188,69,61,64,129,130,62,169,104,163,54,149,54,182,52,102,85,138,86,81,80,108,93,63,172,184,129,102,143,131,71,173,83,182,84,99,162,61,65,121,150,50,170,114,149,176,153
3900,142,60,124,96,76,98,106,122,172,194,52,154,82,112,126,69,166,80,114,132,62,194,176,64,127,194,54,156,126,125,200,79,67,161,108,86,108,112,184,136,80,70,194,78,135,124,153,183,122,104,66,176,135,147,111,151,105,151,97,87,83,116,182,53,122,86,55,86,184,93,53,170,167,63,125,126,66,101,138,103,195,150,193,113,90,64,163,198,75,154,186,122,128,132,142,104,199,196,141,193,164,144,190,163,182,88,186,93,56,140,76,174,171,59,186,131,75,130,173,149,103,90,54,188,50,139,155,94,113,178,146,168,113,100,112,50,128,105,82,57,125,62,153,57,145,57,91,80,86,150,109,120,50,167,193,135,64,194,103,177,68,168,165,58,120,171,165,123,63,122,63,55,65,162,50,80,165,55,64,197,188,76,53,65,92,175,158,68,81,162,68,173
4000,135,82,80,161,129,79,71,196,194,177,168,112,102,75,84,112,136,78,53,61,80,118,84,139,157,66,142,68,129,159,186,162,124,63,109,140,79,59,142,118,108,192,123,191,109,122,101,80,140,145,169,156,193,194,92,182,81,189,197,66,91,51,121,110,144,167,189,88,136,97,189,109,91,116,168,75,147,163,128,161,126,113,83,135,163,182,85,179,79,154,159,129,78,127,58,157,200,60,70,171,130,84,182,76,61,158,87,120,146,161,101,72,169,101,180,148,191,122,106,62,178,85,160,55,131,182,83,92,64,194,154,133,175,97,114,146,83,125,73,198,98,113,121,177,156,153,95,68,135,83,171,66,110,137,189,168,87,113,114,89,170,145,128,111,141,83,168,95,68,129,177,136,138,60,131,80,176,199,113,122,86,104,73,109,125,197,153,133,155,125,191,170
4100,192,90,144,79,116,65,97,152,147,164,195,72,81,106,147,61,95,164,178,138,151,56,67,177,159,160,62,138,142,87,148,68,172,151,138,175,149,121,196,119,195,200,182,83,51,167,96,57,90,117,191,198,191,178,179,180,131,111,184,106,76,139,175,138,80,62,110,166,110,157,93,125,85,124,175,134,143,133,195,126,158,135,197,196,125,112,104,129,198,130,52,58,50,158,107,81,90,53,102,192,126,91,157,113,100,125,170,168,68,142,194,78,170,177,61,153,74,62,105,198,129,117,105,154,112,186,81,128,196,120,195,127,60,184,89,50,66,189,129,148,148,130,91,118,123,77,150,192,86,76,146,163,71,87,50,149,56,175,103,83,68,104,57,123,197,54,197,75,177,99,74,190,141,175,96,147,75,151,133,95,179,141,152,194,194,58,147,87,181,58,86,96
4200,88,118,93,133,87,132,193,115,68,200,175,80,57,59,58,86,195,198,184,112,151,84,154,66,59,149,192,72,81,86,104,174,167,75,158,156,73,83,61,95,162,59,112,175,76,136,138,144,121,92,72,58,168,58,51,157,186,85,56,75,128,117,109,121,101,129,168,120,104,132,190,64,79,102,172,116,148,54,162,60,156,193,52,154,78,153,137,79,85,100,170,188,193,78,58,64,200,59,150,179,128,97,200,173,131,56,188,155,114,52,105,65,145,171,128,197,181,66,107,115,200,130,189,88,54,126,74,183,160,144,157,127,125,78,199,160,184,112,182,94,179,99,58,93,148,73,90,71,125,139,185,155,152,153,61,121,63,179,181,82,122,120,68,183,128,126,179,143,73,72,83,160,152,114,50,166,75,197,91,142,184,159,66,171,166,54,76,130,111,115,111,107
4300,81,80,100,121,72,189,68,176,50,188,124,158,178,54,132,120,62,125,178,70,198,73,174,193,127,182,56,173,55,64,63,82,160,76,106,185,157,181,101,82,138,134,131,184,187,66,199,87,181,82,200,151,97,139,61,65,104,166,102,109,144,177,134,182,142,146,116,167,118,182,197,143,184,74,72,172,79,142,151,113,87,146,138,77,96,85,80,113,148,125,153,100,159,102,107,95,63,142,115,158,71,65,147,87,109,129,81,193,56,129,125,184,117,118,198,115,187,74,177,168,121,148,65,197,59,184,168,132,73,191,200,77,198,116,139,143,180,188,63,84,180,138,142,129,185,62,90,104,199,192,103,130,139,196,149,123,117,118,79,169,198,89,181,79,199,107,173,192,167,144,97,107,80,68,110,176,101,154,165,77,122,93,116,60,94,117,76,174,92,66,113,86
4400,183,146,115,179,52,157,87,66,62,171,199,154,52,97,200,55,194,199,89,173,151,121,199,91,135,73,197,151,141,84,86,86,133,88,192,177,84,169,192,181,66,164,93,187,108,70,58,128,166,195,109,176,145,74,74,81,95,200,130,86,137,145,180,55,129,194,129,185,193,180,198,149,129,123,74,117,140,157,64,60,87,69,187,126,183,173,122,167,76,160,63,154,96,93,178,157,81,129,81,56,87,63,98,136,158,184,138,129,194,81,93,124,90,151,107,102,130,141,54,66,169,140,69,114,195,98,107,179,96,136,200,165,152,182,94,142,116,79,163,74,109,189,135,57,87,195,176,169,106,92,119,75,126,84,73,59,185,80,149,192,105,140,117,100,159,184,162,71,171,74,91,85,128,173,186,188,90,101,149,66,174,81,188,200,193,90,152,154,59,115,83,116
4500,95,72,69,122,192,103,192,158,96,195,132,113,78,108,129,198,155,59,102,174,159,167,50,151,169,135,118,122,117,171,100,71,95,180,119,150,154,183,120,150,167,165,130,59,142,108,121,193,130,111,95,197,142,76,143,180,105,93,135,73,150,148,72,136,134,83,75,81,200,62,65,160,60,168,115,118,199,187,73,134,178,190,124,160,66,114,174,56,132,135,152,57,132,196,135,175,133,155,166,118,156,63,122,138,104,128,133,182,76,116,111,77,176,199,179,80,147,67,159,52,72,72,69,89,70,63,149,121,70,76,137,132,139,64,160,100,126,131,54,122,122,104,156,72,70,53,181,180,126,165,94,146,186,123,185,75,147,123,185,154,187,130,71,54,143,91,84,179,64,86,177,59,54,50,137,71,128,73,152,60,198,134,130,94,114,72,128,189,110,192,185,64
4600,128,178,118,184,178,199,173,134,111,168,130,57,175,82,84,143,148,104,163,182,120,184,144,79,181,191,200,153,153,171,170,100,55,167,65,180,85,163,101,129,126,160,178,56,143,133,54,185,90,78,130,154,90,54,114,118,101,140,82,139,167,101,112,69,74,65,197,141,95,96,154,89,51,150,92,80,109,148,51,86,181,145,136,148,52,68,104,193,66,92,186,173,123,148,178,196,163,183,125,55,128,141,187,119,69,89,136,185,144,89,136,196,165,196,86,102,199,130,89,139,84,99,115,164,122,58,116,200,80,142,117,157,153,95,188,99,112,136,192,133,171,96,143,143,58,144,168,91,79,146,181,180,104,106,95,116,98,138,187,154,123,105,106,184,157,113,172,179,91,199,81,193,194,63,91,76,196,134,174,161,53,99,53,143,166,150,96,119,72,86,66,66
4700,85,50,80,145,181,61,128,182,124,135,162,181,131,151,182,52,84,137,187,78,53,123,59,136,154,50,54,84,155,56,114,83,73,110,193,186,72,148,185,77,108,119,153,128,153,141,61,50,118,151,200,179,79,84,117,72,99,143,130,176,143,116,89,148,63,101,153,86,83,125,143,64,171,82,195,68,144,187,76,136,94,149,152,56,108,144,133,185,80,76,177,158,115,140,71,173,165,158,156,75,90,63,181,116,133,164,143,75,81,197,157,63,185,188,161,76,81,145,134,196,84,187,198,150,118,158,173,137,77,96,167,76,100,110,124,137,85,188,66,58,92,94,147,77,194,75,71,78,54,169,50,71,160,122,155,115,192,187,157,136,155,80,112,176,116,155,149,93,50,114,144,193,129,200,183,95,92,102,119,108,174,137,52,180,56,187,56,82,115,51,88,144
4800,137,128,69,86,56,118,171,184,127,191,86,50,176,65,68,56,63,196,143,103,78,196,79,190,108,145,155,181,165,54,142,181,114,116,152,78,99,123,73,176,98,163,157,68,86,162,140,74,183,130,118,70,158,104,137,69,53,116,147,142,56,158,119,98,132,97,183,112,97,143,115,164,121,99,50,55,103,111,135,172,109,80,143,164,88,113,96,53,112,179,179,92,142,197,59,197,193,73,148,136,95,117,89,169,131,61,70,108,173,87,181,65,105,132,114,53,56,71,76,54,147,53,184,193,85,140,99,121,198,50,145,197,159,165,139,167,149,186,124,193,165,155,163,79,184,154,75,169,109,119,59,140,156,100,106,137,102,125,119,80,112,187,53,117,196,120,148,101,190,112,159,104,196,128,97,164,101,60,129,135,171,167,93,128,125,152,62,153,144,192,90,168
4900,94,89,148,89,52,141,124,69,92,68,143,129,68,95,135,160,92,100,177,101,137,165,177,194,150,170,197,136,57,147,66,51,61,53,131,151,71,80,65,197,116,171,134,72,128,158,142,104,166,80,104,89,180,104,134,193,115,196,54,88,192,106,160,81,89,196,59,97,190,139,186,149,112,74,94,61,161,175,110,82,137,175,166,155,177,115,189,148,195,141,121,167,60,199,123,56,69,100,152,183,126,145,54,155,181,51,115,56,81,171,134,191,179,123,191,167,197,168,65,182,149,185,174,119,66,127,191,148,132,55,174,169,167,103,131,196,188,142,109,199,133,137,195,53,146,177,77,86,200,82,113,85,98,121,56,124,164,153,83,125,61,79,143,56,72,156,100,138,81,150,62,71,148,172,169,156,198,90,184,61,142,59,198,184,109,175,57,64,145,96,51,113
